21,640000029,蔼动倍Bt参,踅u,N
24,640000053,蔼动倍Bt参,踅u,N
38,640000100,蔼动倍Bt参,踅u,N
55,640000054,蔼动倍Bt参,踅u,N
71,640000001,蔼动倍Bt参,踅u,N
72,640000002,蔼动倍Bt参,踅u,N
73,640000055,蔼动倍Bt参,踅u,N
74,640000056,蔼动倍Bt参,踅u,N
86,640000030,蔼动倍Bt参,踅u,N
93,640000003,蔼动倍Bt参,踅u,N
94,640000004,蔼动倍Bt参,踅u,N
95,640000005,蔼动倍Bt参,踅u,N
96,640000006,蔼动倍Bt参,踅u,N
97,640000007,蔼动倍Bt参,踅u,N
98,640000008,蔼动倍Bt参,踅u,N
99,640000009,蔼动倍Bt参,踅u,N
100,640000010,蔼动倍Bt参,踅u,N
101,640000011,蔼动倍Bt参,踅u,N
102,640000012,蔼动倍Bt参,踅u,N
103,640000013,蔼动倍Bt参,踅u,N
104,640000014,蔼动倍Bt参,踅u,N
105,640000015,蔼动倍Bt参,踅u,N
106,640000016,蔼动倍Bt参,踅u,N
107,640000017,蔼动倍Bt参,踅u,N
108,640000018,蔼动倍Bt参,踅u,N
109,640000019,蔼动倍Bt参,踅u,N
110,640000020,蔼动倍Bt参,踅u,N
111,640000021,蔼动倍Bt参,踅u,N
112,640000022,蔼动倍Bt参,踅u,N
113,640000023,蔼动倍Bt参,踅u,N
114,640000024,蔼动倍Bt参,踅u,N
115,640000025,蔼动倍Bt参,踅u,N
116,640000026,蔼动倍Bt参,踅u,N
117,640000027,蔼动倍Bt参,踅u,N
118,640000028,蔼动倍Bt参,踅u,N
119,640000031,蔼动倍Bt参,踅u,N
120,640000032,蔼动倍Bt参,踅u,N
121,640000033,蔼动倍Bt参,踅u,N
122,640000034,蔼动倍Bt参,踅u,N
123,640000035,蔼动倍Bt参,踅u,N
124,640000036,蔼动倍Bt参,踅u,N
125,640000037,蔼动倍Bt参,踅u,N
126,640000038,蔼动倍Bt参,踅u,N
127,640000039,蔼动倍Bt参,踅u,N
128,640000040,蔼动倍Bt参,踅u,N
129,640000041,蔼动倍Bt参,踅u,N
130,640000042,蔼动倍Bt参,踅u,N
131,640000043,蔼动倍Bt参,踅u,N
132,640000044,蔼动倍Bt参,踅u,N
133,640000045,蔼动倍Bt参,踅u,N
134,640000046,蔼动倍Bt参,踅u,N
135,640000101,蔼动倍Bt参,撅u,N
136,640000047,蔼动倍Bt参,踅u,N
137,640000048,蔼动倍Bt参,踅u,N
138,640000049,蔼动倍Bt参,踅u,N
139,640000050,蔼动倍Bt参,踅u,N
140,640000051,蔼动倍Bt参,踅u,N
141,640000052,蔼动倍Bt参,踅u,N
142,640000057,蔼动倍Bt参,踅u,N
143,640000058,蔼动倍Bt参,踅u,N
144,640000059,蔼动倍Bt参,踅u,N
145,640000060,蔼动倍Bt参,踅u,N
146,640000061,蔼动倍Bt参,踅u,N
147,640000062,蔼动倍Bt参,踅u,N
148,640000063,蔼动倍Bt参,踅u,N
149,640000064,蔼动倍Bt参,踅u,N
150,640000065,蔼动倍Bt参,踅u,N
151,640000066,蔼动倍Bt参,踅u,N
152,640000067,蔼动倍Bt参,踅u,N
153,640000068,蔼动倍Bt参,踅u,N
154,640000069,蔼动倍Bt参,踅u,N
155,640000070,蔼动倍Bt参,踅u,N
156,640000071,蔼动倍Bt参,踅u,N
157,640000072,蔼动倍Bt参,踅u,N
158,640000073,蔼动倍Bt参,踅u,N
159,640000074,蔼动倍Bt参,踅u,N
160,640000075,蔼动倍Bt参,踅u,N
161,640000076,蔼动倍Bt参,踅u,N
162,640000077,蔼动倍Bt参,踅u,N
163,640000078,蔼动倍Bt参,踅u,N
164,640000102,蔼动倍Bt参,撅u,N
165,640000079,蔼动倍Bt参,踅u,N
166,640000080,蔼动倍Bt参,踅u,N
167,640000081,蔼动倍Bt参,踅u,N
168,640000082,蔼动倍Bt参,撅u,N
169,640000083,蔼动倍Bt参,撅u,N
170,640000084,蔼动倍Bt参,撅u,N
171,640000085,蔼动倍Bt参,撅u,N
172,640000086,蔼动倍Bt参,撅u,N
173,640000087,蔼动倍Bt参,撅u,N
174,640000088,蔼动倍Bt参,撅u,N
175,640000089,蔼动倍Bt参,撅u,N
176,640000090,蔼动倍Bt参,撅u,N
177,640000091,蔼动倍Bt参,撅u,N
178,640000092,蔼动倍Bt参,踅u,N
179,640000103,蔼动倍Bt参,踅u,N
180,640000104,蔼动倍Bt参,踅u,N
181,640000093,蔼动倍Bt参,撅u,N
182,640000094,蔼动倍Bt参,撅u,N
183,640000105,蔼动倍Bt参,踅u,N
184,640000106,蔼动倍Bt参,撅u,N
185,640000107,蔼动倍Bt参,踅u,N
186,640000095,蔼动倍Bt参,踅u,N
187,640000096,蔼动倍Bt参,撅u,N
188,640000097,蔼动倍Bt参,撅u,N
189,640000098,蔼动倍Bt参,踅u,N
190,640000099,蔼动倍Bt参,踅u,N
